[{"0":{"jobid":1,"jobtitle":"SoftWare Engineer"},"1":{"jobid":2,"jobtitle":"Analyst","skillset":"ReactJS, AngularJS,NodeJS "},"2":{"jobid":3,"jobtitle":"Analyst","skillset":"ReactJS, AngularJS,NodeJS "},"3":{"jobid":4,"jobtitle":"Analyst","skillset":"ReactJS, AngularJS,NodeJS "},"4":{"jobid":5,"jobtitle":"Architect","skillset":"MicroService, ReactJS, AngularJS,NodeJS "},"5":{"jobid":6,"jobtitle":"Senior Architect","skillset":"MicroService, ReactJS, AngularJS,NodeJS "},"6":{"jobid":7,"jobtitle":"Analyst","skillset":"ReactJS, AngularJS,NodeJS"},"7":{"jobid":8,"jobtitle":"Analyst","skillset":"ReactJS, AngularJS,NodeJS"},"8":{"jobid":9,"jobtitle":"Analyst","skillset":"ReactJS, AngularJS,NodeJS"},"9":{"jobid":10,"jobtitle":"Analyst","skillset":"ReactJS, AngularJS,NodeJS"},"_id":"5b3b9f8672eb356685546659"}]